{
  "subtotal": 540,
  "items": [
    {
      "id": 0,
      "quantity": 2,
      "price": 299.95,
      "brand": "Osprey",
      "name": "Deva 60 Pack - Women's",
      "color": "Plum Red",
      "size": "Xs",
      "sku": "2229383823",
      "img": "product-1.jpeg"
    }
  ],
  "savedItems": [
    {
      "id": 1,
      "quantity": 1,
      "price": 150.50,
      "brand": "Kodiak",
      "name": "Original Boots - Women's",
      "color": "Olive",
      "size": "7",
      "sku": "1237263746",
      "img": "product-2.jpeg"
    }
  ]
}
